{
  "favorite": {
    "n_domains": 50,
    "grand_mean": 0.2109876923076923,
    "var_domain": 0.012008468014201185,
    "var_model": 0.0038129516639053237,
    "var_resid": 0.03313756786272189,
    "var_total": 0.048958987540828405,
    "ratio_domain_over_model": 3.1493889964243085,
    "pct_domain": 0.2452760691627243,
    "pct_model": 0.07788052521971754,
    "pct_interaction": 0.676843405617558,
    "p_domain_effect": 4.999750012499375e-05,
    "p_model_effect": 4.999750012499375e-05
  },
  "overrated": {
    "n_domains": 50,
    "grand_mean": 0.19900769230769233,
    "var_domain": 0.009971442189349112,
    "var_model": 0.0034964296331360945,
    "var_resid": 0.030619188118343195,
    "var_total": 0.0440870599408284,
    "ratio_domain_over_model": 2.851892712168014,
    "pct_domain": 0.22617616603902183,
    "pct_model": 0.07930738946595305,
    "pct_interaction": 0.6945164444950251,
    "p_domain_effect": 4.999750012499375e-05,
    "p_model_effect": 4.999750012499375e-05
  }
}